{
  "accuracy": 0.7491525423728813,
  "macro": {
    "precision": 0.6856086406140337,
    "recall": 0.6704905815362115,
    "f1": 0.6759143482853399
  },
  "micro": {
    "precision": 0.7491525423728813,
    "recall": 0.7491525423728813,
    "f1": 0.7491525423728813
  },
  "weighted": {
    "precision": 0.7378611552983354,
    "recall": 0.7491525423728813,
    "f1": 0.7416930919971679
  },
  "per_class": {
    "Dropout": {
      "precision": 0.7732342007434945,
      "recall": 0.7323943661971831,
      "f1": 0.7522603978300181,
      "support": 284
    },
    "Graduate": {
      "precision": 0.4732824427480916,
      "recall": 0.389937106918239,
      "f1": 0.42758620689655175,
      "support": 159
    },
    "Enrolled": {
      "precision": 0.8103092783505155,
      "recall": 0.8891402714932126,
      "f1": 0.8478964401294499,
      "support": 442
    }
  },
  "classification_report": {
    "Dropout": {
      "precision": 0.7732342007434945,
      "recall": 0.7323943661971831,
      "f1-score": 0.7522603978300181,
      "support": 284.0
    },
    "Graduate": {
      "precision": 0.4732824427480916,
      "recall": 0.389937106918239,
      "f1-score": 0.42758620689655175,
      "support": 159.0
    },
    "Enrolled": {
      "precision": 0.8103092783505155,
      "recall": 0.8891402714932126,
      "f1-score": 0.8478964401294499,
      "support": 442.0
    },
    "accuracy": 0.7491525423728813,
    "macro avg": {
      "precision": 0.6856086406140337,
      "recall": 0.6704905815362115,
      "f1-score": 0.6759143482853399,
      "support": 885.0
    },
    "weighted avg": {
      "precision": 0.7378611552983354,
      "recall": 0.7491525423728813,
      "f1-score": 0.7416930919971679,
      "support": 885.0
    }
  }
}