feature,mean_abs_shap
overall_approval_rate,0.12626499733052654
total_approved_units,0.05327524271161236
average_grade,0.04689022669537951
Tuition fees up to date,0.03381200140574486
Age at enrollment,0.031190692893750514
Scholarship holder,0.02398001242475493
Gender,0.009633506062559437
Unemployment rate,0.009307271207181625
GDP,0.008947214570883492
Inflation rate,0.008067695487319206
Debtor,0.007412064376119626
Marital status,0.002736386971053984
International,0.0008413734292246712
