{
  "accuracy": 0.7457627118644068,
  "macro": {
    "precision": 0.6931440181440182,
    "recall": 0.6938152196902255,
    "f1": 0.6920752150989594
  },
  "micro": {
    "precision": 0.7457627118644068,
    "recall": 0.7457627118644068,
    "f1": 0.7457627118644068
  },
  "weighted": {
    "precision": 0.7560386521403469,
    "recall": 0.7457627118644068,
    "f1": 0.7499347437481539
  },
  "per_class": {
    "Dropout": {
      "precision": 0.7884615384615384,
      "recall": 0.721830985915493,
      "f1": 0.7536764705882353,
      "support": 284
    },
    "Graduate": {
      "precision": 0.44324324324324327,
      "recall": 0.5157232704402516,
      "f1": 0.47674418604651164,
      "support": 159
    },
    "Enrolled": {
      "precision": 0.8477272727272728,
      "recall": 0.8438914027149321,
      "f1": 0.8458049886621315,
      "support": 442
    }
  },
  "classification_report": {
    "Dropout": {
      "precision": 0.7884615384615384,
      "recall": 0.721830985915493,
      "f1-score": 0.7536764705882353,
      "support": 284.0
    },
    "Graduate": {
      "precision": 0.44324324324324327,
      "recall": 0.5157232704402516,
      "f1-score": 0.47674418604651164,
      "support": 159.0
    },
    "Enrolled": {
      "precision": 0.8477272727272728,
      "recall": 0.8438914027149321,
      "f1-score": 0.8458049886621315,
      "support": 442.0
    },
    "accuracy": 0.7457627118644068,
    "macro avg": {
      "precision": 0.6931440181440182,
      "recall": 0.6938152196902255,
      "f1-score": 0.6920752150989594,
      "support": 885.0
    },
    "weighted avg": {
      "precision": 0.7560386521403469,
      "recall": 0.7457627118644068,
      "f1-score": 0.7499347437481539,
      "support": 885.0
    }
  }
}