{
  "accuracy": 0.7175141242937854,
  "macro": {
    "precision": 0.665178248988401,
    "recall": 0.659944002403867,
    "f1": 0.6603740938075972
  },
  "micro": {
    "precision": 0.7175141242937854,
    "recall": 0.7175141242937854,
    "f1": 0.7175141242937854
  },
  "weighted": {
    "precision": 0.731814943496479,
    "recall": 0.7175141242937854,
    "f1": 0.7230259840059764
  },
  "per_class": {
    "Dropout": {
      "precision": 0.7951807228915663,
      "recall": 0.6971830985915493,
      "f1": 0.7429643527204502,
      "support": 284
    },
    "Graduate": {
      "precision": 0.38421052631578945,
      "recall": 0.4591194968553459,
      "f1": 0.4183381088825215,
      "support": 159
    },
    "Enrolled": {
      "precision": 0.8161434977578476,
      "recall": 0.8235294117647058,
      "f1": 0.8198198198198198,
      "support": 442
    }
  },
  "classification_report": {
    "Dropout": {
      "precision": 0.7951807228915663,
      "recall": 0.6971830985915493,
      "f1-score": 0.7429643527204502,
      "support": 284.0
    },
    "Graduate": {
      "precision": 0.38421052631578945,
      "recall": 0.4591194968553459,
      "f1-score": 0.4183381088825215,
      "support": 159.0
    },
    "Enrolled": {
      "precision": 0.8161434977578476,
      "recall": 0.8235294117647058,
      "f1-score": 0.8198198198198198,
      "support": 442.0
    },
    "accuracy": 0.7175141242937854,
    "macro avg": {
      "precision": 0.665178248988401,
      "recall": 0.659944002403867,
      "f1-score": 0.6603740938075972,
      "support": 885.0
    },
    "weighted avg": {
      "precision": 0.731814943496479,
      "recall": 0.7175141242937854,
      "f1-score": 0.7230259840059764,
      "support": 885.0
    }
  }
}