{
  "accuracy": 0.7322033898305085,
  "macro": {
    "precision": 0.6767868799615675,
    "recall": 0.6772148824914922,
    "f1": 0.6755394691967828
  },
  "micro": {
    "precision": 0.7322033898305085,
    "recall": 0.7322033898305085,
    "f1": 0.7322033898305085
  },
  "weighted": {
    "precision": 0.7447344418448693,
    "recall": 0.7322033898305085,
    "f1": 0.7374933501480351
  },
  "per_class": {
    "Dropout": {
      "precision": 0.7748091603053435,
      "recall": 0.7147887323943662,
      "f1": 0.7435897435897436,
      "support": 284
    },
    "Graduate": {
      "precision": 0.4095744680851064,
      "recall": 0.48427672955974843,
      "f1": 0.4438040345821326,
      "support": 159
    },
    "Enrolled": {
      "precision": 0.8459770114942529,
      "recall": 0.832579185520362,
      "f1": 0.8392246294184721,
      "support": 442
    }
  },
  "classification_report": {
    "Dropout": {
      "precision": 0.7748091603053435,
      "recall": 0.7147887323943662,
      "f1-score": 0.7435897435897436,
      "support": 284.0
    },
    "Graduate": {
      "precision": 0.4095744680851064,
      "recall": 0.48427672955974843,
      "f1-score": 0.4438040345821326,
      "support": 159.0
    },
    "Enrolled": {
      "precision": 0.8459770114942529,
      "recall": 0.832579185520362,
      "f1-score": 0.8392246294184721,
      "support": 442.0
    },
    "accuracy": 0.7322033898305085,
    "macro avg": {
      "precision": 0.6767868799615675,
      "recall": 0.6772148824914922,
      "f1-score": 0.6755394691967828,
      "support": 885.0
    },
    "weighted avg": {
      "precision": 0.7447344418448693,
      "recall": 0.7322033898305085,
      "f1-score": 0.7374933501480351,
      "support": 885.0
    }
  }
}