{
  "accuracy": 0.7401129943502824,
  "macro": {
    "precision": 0.6724179750299687,
    "recall": 0.6618564274650627,
    "f1": 0.6657425216203566
  },
  "micro": {
    "precision": 0.7401129943502824,
    "recall": 0.7401129943502824,
    "f1": 0.7401129943502824
  },
  "weighted": {
    "precision": 0.7294242734277375,
    "recall": 0.7401129943502824,
    "f1": 0.7336113215308195
  },
  "per_class": {
    "Dropout": {
      "precision": 0.7481751824817519,
      "recall": 0.721830985915493,
      "f1": 0.7347670250896058,
      "support": 284
    },
    "Graduate": {
      "precision": 0.45185185185185184,
      "recall": 0.3836477987421384,
      "f1": 0.41496598639455784,
      "support": 159
    },
    "Enrolled": {
      "precision": 0.8172268907563025,
      "recall": 0.8800904977375565,
      "f1": 0.8474945533769063,
      "support": 442
    }
  },
  "classification_report": {
    "Dropout": {
      "precision": 0.7481751824817519,
      "recall": 0.721830985915493,
      "f1-score": 0.7347670250896058,
      "support": 284.0
    },
    "Graduate": {
      "precision": 0.45185185185185184,
      "recall": 0.3836477987421384,
      "f1-score": 0.41496598639455784,
      "support": 159.0
    },
    "Enrolled": {
      "precision": 0.8172268907563025,
      "recall": 0.8800904977375565,
      "f1-score": 0.8474945533769063,
      "support": 442.0
    },
    "accuracy": 0.7401129943502824,
    "macro avg": {
      "precision": 0.6724179750299687,
      "recall": 0.6618564274650627,
      "f1-score": 0.6657425216203566,
      "support": 885.0
    },
    "weighted avg": {
      "precision": 0.7294242734277375,
      "recall": 0.7401129943502824,
      "f1-score": 0.7336113215308195,
      "support": 885.0
    }
  }
}