feature,mean_abs_shap
overall_approval_rate,0.12628157693434797
total_approved_units,0.053209550706419584
average_grade,0.04703968035977415
Tuition fees up to date,0.03374796064961622
Age at enrollment,0.031198498761208535
Scholarship holder,0.023922754865708412
Gender,0.009708552779475904
Unemployment rate,0.009395361782320966
GDP,0.008965758868634342
Inflation rate,0.008131552497691028
Debtor,0.007445625719570036
Marital status,0.00277804371385242
International,0.000838636895064692
